rank,name,attend,nationality,web
226,xietiansh,17 contests attended,,https://leetcode.com/xietiansh
227,caoboxiao,35 contests attended,United States,https://leetcode.com/caoboxiao
228,all_too_well,47 contests attended,Mexico,https://leetcode.com/all_too_well
229,Netario36,48 contests attended,China,https://leetcode.com/Netario36
230,crazymerlyn,29 contests attended,India,https://leetcode.com/crazymerlyn
231,ahyangyi,10 contests attended,China,https://leetcode.com/ahyangyi
232,hongda-jiang,41 contests attended,China,https://leetcode-cn.com/hongda-jiang
233,lostleaf,38 contests attended,China,https://leetcode-cn.com/lostleaf
234,lucifer1005,11 contests attended,,https://leetcode-cn.com/lucifer1005
235,9am,37 contests attended,,https://leetcode-cn.com/9am
235,wyj20154348,63 contests attended,China,https://leetcode-cn.com/wyj20154348
236,alpha_null,75 contests attended,Vatican,https://leetcode.com/alpha_null
237,nevergiveup,272 contests attended,,https://leetcode.com/nevergiveup
238,implicit,45 contests attended,China,https://leetcode-cn.com/implicit
239,YangZhenjian,88 contests attended,China,https://leetcode.com/YangZhenjian
240,sshang,128 contests attended,China,https://leetcode.com/sshang
241,Ajit123,47 contests attended,India,https://leetcode.com/Ajit123
242,moririn2528,40 contests attended,,https://leetcode.com/moririn2528
243,yaketake08,19 contests attended,Japan,https://leetcode.com/yaketake08
244,nguyen_hoanh,71 contests attended,,https://leetcode.com/nguyen_hoanh
245,beginner1010,42 contests attended,United States,https://leetcode.com/beginner1010
246,nosrpku,23 contests attended,United States,https://leetcode.com/nosrpku
247,tfliao,79 contests attended,Taiwan,https://leetcode.com/tfliao
248,fanzhh,104 contests attended,,https://leetcode-cn.com/fanzhh
248,logsniper,55 contests attended,,https://leetcode-cn.com/logsniper
249,logsniper,55 contests attended,New Zealand,https://leetcode.com/logsniper
250,zhantons,21 contests attended,,https://leetcode.com/zhantons
